province,2025,2024,Change
Bangkok,56915243,58804272,-3.212400962977656
Kanchanaburi,15150146,15006038,0.9603334337817883
Nakhon Pathom,5083231,4698158,8.196254787514597
Prachuap Khiri Khan,11474581,11313134,1.427075821783778
Phetchaburi,10831260,10695183,1.2723204455688135
Ratchaburi,3154198,3089469,2.095149684298499
Samut Prakan,4276095,4141005,3.2622515548761712
Samut Songkhram,5415587,5610458,-3.473352799361478
Samut Sakhon,1621113,1559280,3.965484069570571
Chai Nat,1223568,1214902,0.7133085631598268
Nonthaburi,4237186,4106144,3.19136396580344
Pathum Thani,3563534,3451311,3.2516049698216127
Phra Nakhon Si Ayutthaya,10903027,11333205,-3.795731216368185
Lopburi,4692532,4460768,5.1956075725076944
Saraburi,5117500,4857377,5.355215376529349
Sing Buri,934708,920395,1.555093193683147
Suphan Buri,5949163,5738470,3.6715884199098365
Ang Thong,1201164,1173127,2.389937321364183
Chanthaburi,3943936,3736074,5.563647829245352
Chachoengsao,6501215,6172758,5.3210736594566
Chonburi,27599168,27898229,-1.0719712710079197
Trat,2160903,2235315,-3.3289267955523045
Nakhon Nayok,3095582,2968262,4.289378767777238
Prachinburi,1501324,1488044,0.8924467287257635
Rayong,6348056,6102399,4.025580759304661
Sa Kaeo,1365839,1597969,-14.526564658012763
Krabi,6383295,6470693,-1.350674494988404
Chumphon,1945152,1839178,5.762030646299597
Nakhon Si Thammarat,4539163,4336613,4.670695771100626
Phang Nga,4306315,4258670,1.118776519429775
Phuket,14122834,14511188,-2.6762384995632336
Ranong,989467,925281,6.93691970331175
Surat Thani,9099605,9198788,-1.0782181304754497
Trang,1751782,1729099,1.3118392873976563
Narathiwat,1253686,1191069,5.2572101196488195
Pattani,654924,618737,5.848526918545359
Phatthalung,1890047,1845345,2.4224196559450943
Yala,2017096,1963459,2.7317606326386237
Songkhla,6968599,7437817,-6.308544563545998
Satun,2391171,2342623,2.072377843127127
Chiang Rai,6463147,6282437,2.8764315503681135
Chiang Mai,11955249,11473206,4.201467314367056
Nan,1578765,1558649,1.2906048764025768
Phayao,1143551,1037898,10.179516676975965
Phrae,1373778,1322332,3.890550935771047
Mae Hong Son,1332442,1326887,0.41864906356004694
Lampang,1856427,1757258,5.643394424723063
Lamphun,1396746,1334200,4.68790286313896
Kamphaeng Phet,927219,873706,6.124829175947058
Tak,2297767,2252535,2.0080487095650015
Nakhon Sawan,2444528,2347611,4.128324496690465
Phichit,846591,831127,1.860606140818431
Phitsanulok,3361156,3141098,7.005766773274822
Phetchabun,2804825,2701223,3.835373828817539
Sukhothai,1464186,1370515,6.83473001025162
Uttaradit,1200021,1110726,8.039336434008028
Uthai Thani,1061434,1026793,3.3737082352528693
Kalasin,2554623,2401692,6.367635816749191
Khon Kaen,4968152,4682491,6.100620374924373
Nakhon Phanom,2366303,2262163,4.603558629506361
Bueng Kan,969479,929701,4.278579887512222
Maha Sarakham,727541,661375,10.004309204309205
Loei,2500248,2273467,9.97511729882158
Sakon Nakhon,1956298,1854233,5.504432290871751
Nong Khai,3882690,3667972,5.853861479858625
Nong Bua Lam Phu,395199,367548,7.523099023800974
Udon Thani,5161317,4951386,4.239843146949157
Chaiyaphum,2074367,1988320,4.327623320189909
Nakhon Ratchasima,9503069,8886543,6.937748458540065
Buri Ram,3814853,3892049,-1.9834282661908933
Mukdahan,1914159,1863075,2.741918602310696
Yasothon,634524,625815,1.391625320581961
Roi Et,972522,934719,4.0443170621331115
Si Sa Ket,1138787,1158400,-1.6931111878453038
Surin,1292251,1271977,1.5938967449883137
Amnat Charoen,296734,287173,3.3293519933977076
Ubon Ratchathani,3905005,3808230,2.54120680736195
