,ยอดสะสมรายงานเบื้องต้นเดือนมกราคม ถึงเดือนธันวาคม ปี 2568p,,,,,,,,,,,,,,,,,,,,,,,,
,,อัตราการเข้าพัก,,,จำนวนผู้เข้าพัก (คน),,,จำนวนผู้เยี่ยมเยือนทั้งหมด (คน),,,จำนวนผู้เยี่ยมเยือนคนไทย (คน),,,จำนวนผู้เยี่ยมเยือนชาวต่างชาติ (คน),,,รายได้จากผู้เยี่ยมเยือน (ล้านบาท),,,รายได้จากผู้เยี่ยมเยือนคนไทย (ล้านบาท),,,รายได้จากผู้เยี่ยมเยือนชาวต่างชาติ (ล้านบาท),,
,,,,,,,,,,,,,,,,,,,,,,,,,
,,2568P,2567,%การเปลี่ยนแปลง,2568P,2567,%การเปลี่ยนแปลง,2568P,2567,%การเปลี่ยนแปลง,2568P,2567,%การเปลี่ยนแปลง,2568P,2567,%การเปลี่ยนแปลง,2568P,2567,%การเปลี่ยนแปลง,2568P,2567,%การเปลี่ยนแปลง,2568P,2567,%การเปลี่ยนแปลง
,กรุงเทพมหานคร,76.47,78.88,-2.41,"33,684,242","34,802,604",-3.21,"56,915,243","58,804,272",-3.21,"32,024,065","31,709,748",+0.99,"24,891,178","27,094,524",-8.13,"899,368.68","942,193.14",-4.55,"276,501.93","272,290.73",+1.55,"622,866.75","669,902.41",-7.02
,กาญจนบุรี,68.81,67.28,+1.53,"3,790,048","3,672,257",+3.21,"15,150,146","15,006,038",+0.96,"14,742,115","14,587,708",+1.06,"408,031","418,330",-2.46,"38,017.13","36,563.95",+3.97,"36,173.43","34,733.02",+4.15,"1,843.70","1,830.93",+0.70
,นครปฐม,58.02,56.73,+1.29,"1,002,732","975,038",+2.84,"5,083,231","4,698,158",+8.20,"5,005,423","4,619,357",+8.36,"77,808","78,801",-1.26,"8,476.03","7,784.35",+8.89,"8,282.22","7,590.31",+9.12,193.81,194.04,-0.12
,ประจวบคีรีขันธ์,72.27,71.00,+1.27,"6,015,661","5,855,252",+2.74,"11,474,581","11,313,134",+1.43,"10,712,737","10,556,810",+1.48,"761,844","756,324",+0.73,"53,358.71","51,697.81",+3.21,"45,022.91","43,488.30",+3.53,"8,335.80","8,209.51",+1.54
,เพชรบุรี,69.19,67.90,+1.29,"3,920,531","3,841,570",+2.06,"10,831,260","10,695,183",+1.27,"10,543,949","10,412,850",+1.26,"287,311","282,333",+1.76,"36,885.63","35,728.03",+3.24,"34,478.73","33,384.86",+3.28,"2,406.90","2,343.17",+2.72
,ราชบุรี,61.48,61.51,-0.03,"1,168,687","1,157,951",+0.93,"3,154,198","3,089,469",+2.10,"3,032,968","2,954,322",+2.66,"121,230","135,147",-10.30,"6,601.69","6,279.79",+5.13,"6,300.68","5,954.01",+5.82,301.01,325.78,-7.60
,สมุทรปราการ,56.48,54.75,+1.73,"1,434,995","1,372,491",+4.55,"4,276,095","4,141,005",+3.26,"3,261,194","3,110,402",+4.85,"1,014,901","1,030,603",-1.52,"9,240.54","8,926.85",+3.51,"5,847.27","5,565.86",+5.06,"3,393.27","3,360.99",+0.96
,สมุทรสงคราม,59.30,58.46,+0.84,"805,013","787,751",+2.19,"5,415,587","5,610,458",-3.47,"5,247,204","5,444,971",-3.63,"168,383","165,487",+1.75,"7,627.40","7,555.23",+0.96,"7,332.85","7,271.45",+0.84,294.55,283.78,+3.80
,สมุทรสาคร,48.46,47.15,+1.31,"354,876","348,917",+1.71,"1,621,113","1,559,280",+3.97,"1,608,449","1,545,883",+4.05,"12,664","13,397",-5.47,"2,952.12","2,739.53",+7.76,"2,922.57","2,709.25",+7.87,29.55,30.28,-2.41
,ชัยนาท,51.57,51.67,-0.10,"272,593","271,476",+0.41,"1,223,568","1,214,902",+0.71,"1,217,099","1,207,716",+0.78,"6,469","7,186",-9.98,"2,043.90","1,966.99",+3.91,"2,031.32","1,953.49",+3.98,12.58,13.50,-6.81
,นนทบุรี,59.14,59.08,+0.06,"1,232,317","1,227,785",+0.37,"4,237,186","4,106,144",+3.19,"3,998,122","3,861,057",+3.55,"239,064","245,087",-2.46,"7,463.23","7,122.12",+4.79,"6,834.13","6,478.17",+5.49,629.10,643.95,-2.31
,ปทุมธานี,55.79,54.08,+1.71,"864,801","830,127",+4.18,"3,563,534","3,451,311",+3.25,"3,195,711","3,066,144",+4.23,"367,823","385,167",-4.50,"5,913.39","5,651.75",+4.63,"5,124.06","4,838.52",+5.90,789.33,813.23,-2.94
,พระนครศรีอยุธยา,59.34,59.15,+0.19,"1,049,208","1,043,237",+0.57,"10,903,027","11,333,205",-3.80,"9,006,927","9,344,166",-3.61,"1,896,100","1,989,039",-4.67,"24,134.00","24,940.34",-3.23,"19,403.12","19,972.39",-2.85,"4,730.88","4,967.95",-4.77
,ลพบุรี,58.15,56.08,+2.07,"838,378","807,844",+3.78,"4,692,532","4,460,768",+5.20,"4,666,271","4,431,036",+5.31,"26,261","29,732",-11.67,"8,238.21","7,635.92",+7.89,"8,180.94","7,571.61",+8.05,57.27,64.31,-10.95
,สระบุรี,61.78,60.11,+1.67,"1,001,662","972,882",+2.96,"5,117,500","4,857,377",+5.36,"5,043,941","4,777,067",+5.59,"73,559","80,310",-8.41,"9,508.19","8,810.16",+7.92,"9,360.68","8,652.24",+8.19,147.51,157.92,-6.59
,สิงห์บุรี,56.01,56.45,-0.44,"224,906","225,248",-0.15,"934,708","920,395",+1.56,"928,953","912,884",+1.76,"5,755","7,511",-23.38,"1,657.97","1,576.52",+5.17,"1,647.18","1,562.40",+5.43,10.79,14.12,-23.58
,สุพรรณบุรี,60.14,60.22,-0.08,"954,935","952,793",+0.22,"5,949,163","5,738,470",+3.67,"5,902,058","5,684,491",+3.83,"47,105","53,979",-12.73,"11,606.19","10,892.65",+6.55,"11,479.23","10,756.20",+6.72,126.96,136.45,-6.95
,อ่างทอง,53.95,53.10,+0.85,"160,714","159,450",+0.79,"1,201,164","1,173,127",+2.39,"1,192,045","1,160,922",+2.68,"9,119","12,205",-25.28,"1,758.38","1,660.12",+5.92,"1,744.05","1,641.76",+6.23,14.33,18.36,-21.95
,ภาคกลาง,64.08,62.97,+1.11," 25,092,057 ","24,502,069",+2.41," 94,828,593 ","93,368,424",+1.56," 89,305,166 ","87,677,786",+1.86," 5,523,427 ","5,690,638",-2.94," 235,483 ","227,532.11",+3.49," 212,165 ","204,123.84",+3.94," 23,317 ","23,408.27",-0.39
,จันทบุรี,60.55,60.73,-0.18," 1,415,230 "," 1,424,855 ",-0.68," 3,943,936 "," 3,736,074 ",+5.56," 3,914,867 "," 3,703,816 ",+5.70," 29,069 "," 32,258 ",-9.89," 18,496.20 "," 15,992.58 ",+15.65," 18,334.30 "," 15,815.68 ",+15.92, 161.90 , 176.90 ,-8.48
,ฉะเชิงเทรา,46.48,45.72,+0.76," 422,092 "," 411,784 ",+2.50," 6,501,215 "," 6,172,758 ",+5.32," 6,463,376 "," 6,130,981 ",+5.42," 37,839 "," 41,777 ",-9.43," 9,496.13 "," 8,678.41 ",+9.42," 9,387.17 "," 8,574.10 ",+9.48, 108.96 , 104.31 ,+4.46
,ชลบุรี,80.66,81.30,-0.64," 19,211,489 "," 19,220,485 ",-0.05," 27,599,168 "," 27,898,229 ",-1.07," 17,258,825 "," 16,208,402 ",+6.48," 10,340,343 "," 11,689,827 ",-11.54," 319,312.27 "," 343,303.14 ",-6.99," 111,004.14 "," 103,893.35 ",+6.84," 208,308.13 "," 239,409.79 ",-12.99
,ตราด,51.35,52.60,-1.25," 1,894,314 "," 1,877,252 ",+0.91," 2,160,903 "," 2,235,315 ",-3.33," 1,807,602 "," 1,818,188 ",-0.58," 353,301 "," 417,127 ",-15.30," 17,546.70 "," 18,138.30 ",-3.26," 12,035.27 "," 11,937.54 ",+0.82," 5,511.43 "," 6,200.76 ",-11.12
,นครนายก,64.41,63.08,+1.33," 1,334,876 "," 1,307,946 ",+2.06," 3,095,582 "," 2,968,262 ",+4.29," 3,073,169 "," 2,950,213 ",+4.17," 22,413 "," 18,049 ",+24.18," 7,697.26 "," 7,335.65 ",+4.93," 7,605.79 "," 7,256.11 ",+4.82, 91.47 , 79.54 ,+15.00
,ปราจีนบุรี,51.97,50.67,+1.30," 843,340 "," 818,134 ",+3.08," 1,501,324 "," 1,488,044 ",+0.89," 1,478,872 "," 1,464,552 ",+0.98," 22,452 "," 23,492 ",-4.43," 4,478.91 "," 4,340.47 ",+3.19," 4,384.49 "," 4,235.16 ",+3.53, 94.42 , 105.31 ,-10.34
,ระยอง,75.43,75.06,+0.37," 3,760,526 "," 3,738,065 ",+0.60," 6,348,056 "," 6,102,399 ",+4.03," 5,394,692 "," 5,075,612 ",+6.29," 953,364 "," 1,026,787 ",-7.15," 30,307.99 "," 28,859.16 ",+5.02," 23,184.15 "," 21,273.51 ",+8.98," 7,123.84 "," 7,585.65 ",-6.09
,สระแก้ว,42.00,50.66,-8.66," 451,063 "," 526,864 ",-14.39," 1,365,839 "," 1,597,969 ",-14.53," 1,231,335 "," 1,473,616 ",-16.44," 134,504 "," 124,353 ",+8.16," 4,167.34 "," 5,015.43 ",-16.91," 3,866.70 "," 4,677.74 ",-17.34, 300.64 , 337.69 ,-10.97
,ภาคตะวันออก,73.60,74.11,-0.51," 29,332,930 "," 29,325,385 ",+0.03," 52,516,023 "," 52,199,050 ",+0.61," 40,622,738 "," 38,825,380 ",+4.63," 11,893,285 "," 13,373,670 ",-11.07," 411,502.80 "," 431,663 ",-4.67," 189,802.01 "," 177,663 ",+6.83," 221,700.79 "," 253,999.95 ",-12.72
,กระบี่,70.81,69.75,+1.06," 4,172,696 "," 4,132,717 ",+0.97," 6,383,295 "," 6,470,693 ",-1.35," 2,751,061 "," 2,864,565 ",-3.96," 3,632,234 "," 3,606,128 ",+0.72," 105,016.27 "," 105,578 ",-0.53," 33,098.75 "," 33,595 ",-1.48," 71,917.52 ",71983.25,-0.09
,ชุมพร,63.68,60.64,+3.04," 1,391,928 "," 1,305,889 ",+6.59," 1,945,152 "," 1,839,178 ",+5.76," 1,884,838 "," 1,790,296 ",+5.28," 60,314 "," 48,882 ",+23.39," 7,700.88 "," 7,209 ",+6.83," 7,518.23 "," 7,055 ",+6.56, 182.65 ,153.20,+19.22
,นครศรีธรรมราช,72.86,70.63,+2.23," 2,532,496 "," 2,459,103 ",+2.98," 4,539,163 "," 4,336,613 ",+4.67," 4,473,927 "," 4,273,758 ",+4.68," 65,236 "," 62,855 ",+3.79," 16,550.90 "," 15,727 ",+5.24," 16,234.81 "," 15,428 ",+5.23, 316.09 ,298.72,+5.81
,พังงา,76.25,74.06,+2.19," 1,589,693 "," 1,541,296 ",+3.14," 4,306,315 "," 4,258,670 ",+1.12," 1,696,698 "," 1,643,612 ",+3.23," 2,609,617 "," 2,615,058 ",-0.21," 56,620.11 "," 55,502 ",+2.01," 13,448.38 "," 13,172 ",+2.10," 43,171.73 ",42330.05,+1.99
,ภูเก็ต,77.23,78.62,-1.39," 12,568,619 "," 12,914,886 ",-2.68," 14,122,834 "," 14,511,188 ",-2.68," 3,652,618 "," 3,445,695 ",+6.01," 10,470,216 "," 11,065,493 ",-5.38," 545,867.60 "," 571,550 ",-4.49," 41,741.61 "," 38,633 ",+8.05," 504,125.99 ",532917.14,-5.40
,ระนอง,60.51,57.28,+3.23," 734,256 "," 703,429 ",+4.38," 989,467 "," 925,281 ",+6.94," 952,314 "," 893,012 ",+6.64," 37,153 "," 32,269 ",+15.14," 3,751.46 "," 3,483 ",+7.70," 3,565.99 "," 3,311 ",+7.71, 185.47 ,172.60,+7.46
,สุราษฎร์ธานี,77.71,78.54,-0.83," 6,485,532 "," 6,600,159 ",-1.74," 9,099,605 "," 9,198,788 ",-1.08," 4,822,970 "," 4,829,188 ",-0.13," 4,276,635 "," 4,369,600 ",-2.13," 133,743.48 "," 133,781 ",-0.03," 36,754.14 "," 35,947 ",+2.25," 96,989.34 ",97833.93,-0.86
,ตรัง,58.15,58.85,-0.70," 935,439 "," 930,295 ",+0.55," 1,751,782 "," 1,729,099 ",+1.31," 1,655,354 "," 1,640,001 ",+0.94," 96,428 "," 89,098 ",+8.23," 9,118.54 "," 8,682 ",+5.02," 8,442.39 "," 8,017 ",+5.30, 676.15 ,665.21,+1.64
,นราธิวาส,65.70,64.34,+1.36," 628,885 "," 611,933 ",+2.77," 1,253,686 "," 1,191,069 ",+5.26," 506,346 "," 486,462 ",+4.09," 747,340 "," 704,607 ",+6.06," 4,791.96 "," 4,470 ",+7.21," 1,772.21 "," 1,604 ",+10.51," 3,019.75 ",2865.95,+5.37
,ปัตตานี,59.76,56.95,+2.81," 302,725 "," 292,734 ",+3.41," 654,924 "," 618,737 ",+5.85," 471,938 "," 444,364 ",+6.21," 182,986 "," 174,373 ",+4.94," 2,086.35 "," 1,988 ",+4.93," 1,540.81 "," 1,440 ",+7.03, 545.54 ,548.73,-0.58
,พัทลุง,65.69,64.53,+1.16," 690,431 "," 684,300 ",+0.90," 1,890,047 "," 1,845,345 ",+2.42," 1,805,141 "," 1,759,629 ",+2.59," 84,906 "," 85,716 ",-0.94," 4,249.81 "," 4,045 ",+5.06," 4,083.55 "," 3,867 ",+5.59, 166.26 ,177.70,-6.44
,ยะลา,79.52,77.39,+2.13," 1,201,781 "," 1,170,160 ",+2.70," 2,017,096 "," 1,963,459 ",+2.73," 1,119,882 "," 1,103,270 ",+1.51," 897,214 "," 860,189 ",+4.30," 7,683.90 "," 7,392 ",+3.95," 3,653.69 "," 3,593 ",+1.68," 4,030.21 ",3798.66,+6.10
,สงขลา,69.01,74.86,-5.85," 4,020,310 "," 4,330,223 ",-7.16," 6,968,599 "," 7,437,817 ",-6.31," 3,154,188 "," 3,354,514 ",-5.97," 3,814,411 "," 4,083,303 ",-6.59," 50,660.14 "," 53,175 ",-4.73," 21,828.32 "," 23,405 ",-6.74," 28,831.82 ",29770.57,-3.15
,สตูล,68.48,69.45,-0.97," 1,154,291 "," 1,173,656 ",-1.65," 2,391,171 "," 2,342,623 ",+2.07," 1,911,953 "," 1,881,503 ",+1.62," 479,218 "," 461,120 ",+3.92," 13,440.61 "," 13,085 ",+2.72," 10,530.97 "," 10,326 ",+1.99," 2,909.64 ",2759.35,+5.45
,ภาคใต้,74.15,74.87,-0.72," 38,409,082 "," 38,850,780 ",-1.14," 58,313,136 "," 58,668,560 ",-0.61," 30,859,228 "," 30,409,869 ",+1.48," 27,453,908 "," 28,258,691 ",-2.85," 961,282.01 "," 985,668 ",-2.47," 204,213.85 "," 199,393 ",+2.42," 757,068.16 ",786275.06,-3.71
,เชียงราย,72.10,69.96,+2.14," 4,598,539 "," 4,447,966 ",+3.39," 6,463,147 "," 6,282,437 ",+2.88," 5,765,564 "," 5,460,532 ",+5.59," 697,583 "," 821,905 ",-15.13," 51,540.09 "," 49,438.70 ",+4.25," 44,460.27 "," 41,311.43 ",+7.62," 7,079.82 "," 8,127.27 ",-12.89
,เชียงใหม่,76.74,74.66,+2.08," 8,198,252 "," 7,905,633 ",+3.70," 11,955,249 "," 11,473,206 ",+4.20," 8,571,537 "," 7,928,565 ",+8.11," 3,383,712 "," 3,544,641 ",-4.54," 111,498.62 "," 106,844.16 ",+4.36," 69,254.39 "," 63,154.49 ",+9.66," 42,244.23 "," 43,689.67 ",-3.31
,น่าน,70.26,70.72,-0.46," 1,144,480 "," 1,140,198 ",+0.38," 1,578,765 "," 1,558,649 ",+1.29," 1,552,551 "," 1,532,861 ",+1.28," 26,214 "," 25,788 ",+1.65," 4,636.27 "," 4,503.88 ",+2.94," 4,501.95 "," 4,371.04 ",+2.99, 134.32 , 132.84 ,+1.11
,พะเยา,68.45,62.44,+6.01," 559,224 "," 519,918 ",+7.56," 1,143,551 "," 1,037,898 ",+10.18," 1,101,976 "," 994,385 ",+10.82," 41,575 "," 43,513 ",-4.45," 2,777.41 "," 2,478.72 ",+12.05," 2,662.76 "," 2,360.18 ",+12.82, 114.65 , 118.54 ,-3.28
,แพร่,65.47,63.48,+1.99," 604,821 "," 585,020 ",+3.38," 1,373,778 "," 1,322,332 ",+3.89," 1,345,610 "," 1,296,687 ",+3.77," 28,168 "," 25,645 ",+9.84," 3,285.54 "," 3,118.96 ",+5.34," 3,217.66 "," 3,057.24 ",+5.25, 67.88 , 61.72 ,+9.98
,แม่ฮ่องสอน,55.40,56.50,-1.10," 1,233,717 "," 1,231,230 ",+0.20," 1,332,442 "," 1,326,887 ",+0.42," 1,082,198 "," 1,071,850 ",+0.97," 250,244 "," 255,037 ",-1.88," 6,904.64 "," 6,771.41 ",+1.97," 5,111.71 "," 4,971.27 ",+2.83," 1,792.93 "," 1,800.14 ",-0.40
,ลำปาง,60.34,57.63,+2.71," 842,726 "," 796,011 ",+5.87," 1,856,427 "," 1,757,258 ",+5.64," 1,755,207 "," 1,650,392 ",+6.35," 101,220 "," 106,866 ",-5.28," 6,125.14 "," 5,725.86 ",+6.97," 5,672.08 "," 5,252.52 ",+7.99, 453.06 , 473.34 ,-4.28
,ลำพูน,56.09,54.27,+1.82," 357,229 "," 342,123 ",+4.42," 1,396,746 "," 1,334,200 ",+4.69," 1,324,435 "," 1,257,698 ",+5.31," 72,311 "," 76,502 ",-5.48," 2,179.12 "," 2,049.49 ",+6.32," 2,020.32 "," 1,882.70 ",+7.31, 158.80 , 166.79 ,-4.79
,กำแพงเพชร,43.43,39.88,+3.55," 419,379 "," 398,607 ",+5.21," 927,219 "," 873,706 ",+6.12," 900,896 "," 844,735 ",+6.65," 26,323 "," 28,971 ",-9.14," 2,008.80 "," 1,859.15 ",+8.05," 1,949.88 "," 1,795.38 ",+8.61, 58.92 , 63.77 ,-7.61
,ตาก,67.73,67.81,-0.08," 1,600,882 "," 1,588,185 ",+0.80," 2,297,767 "," 2,252,535 ",+2.01," 2,255,620 "," 2,203,982 ",+2.34," 42,147 "," 48,553 ",-13.19," 8,112.18 "," 7,858.74 ",+3.22," 7,927.21 "," 7,647.98 ",+3.65, 184.97 , 210.76 ,-12.24
,นครสวรรค์,54.91,53.32,+1.59," 1,107,396 "," 1,071,512 ",+3.35," 2,444,528 "," 2,347,611 ",+4.13," 2,426,009 "," 2,329,760 ",+4.13," 18,519 "," 17,851 ",+3.74," 6,705.98 "," 6,386.12 ",+5.01," 6,652.75 "," 6,334.43 ",+5.03, 53.23 , 51.69 ,+2.98
,พิจิตร,52.17,53.16,-0.99," 358,594 "," 359,939 ",-0.37," 846,591 "," 831,127 ",+1.86," 843,678 "," 828,296 ",+1.86," 2,913 "," 2,831 ",+2.90," 1,673.28 "," 1,638.56 ",+2.12," 1,666.75 "," 1,632.28 ",+2.11, 6.53 , 6.28 ,+3.98
,พิษณุโลก,55.07,50.91,+4.16," 1,797,490 "," 1,683,607 ",+6.76," 3,361,156 "," 3,141,098 ",+7.01," 3,167,689 "," 2,957,364 ",+7.11," 193,467 "," 183,734 ",+5.30," 9,859.69 "," 9,079.45 ",+8.59," 9,118.03 "," 8,366.82 ",+8.98, 741.66 , 712.63 ,+4.07
,เพชรบูรณ์,52.40,50.04,+2.36," 2,263,217 "," 2,172,352 ",+4.18," 2,804,825 "," 2,701,223 ",+3.84," 2,764,309 "," 2,644,642 ",+4.52," 40,516 "," 56,581 ",-28.39," 9,981.97 "," 9,500.57 ",+5.07," 9,858.20 "," 9,330.22 ",+5.66, 123.77 , 170.35 ,-27.34
,สุโขทัย,44.94,38.95,+5.99," 680,561 "," 627,398 ",+8.47," 1,464,186 "," 1,370,515 ",+6.83," 1,168,888 "," 1,062,997 ",+9.96," 295,298 "," 307,518 ",-3.97," 3,826.24 "," 3,545.47 ",+7.92," 2,880.65 "," 2,578.04 ",+11.74, 945.59 , 967.43 ,-2.26
,อุตรดิตถ์,52.97,47.90,+5.07," 624,737 "," 585,256 ",+6.75," 1,200,021 "," 1,110,726 ",+8.04," 1,192,816 "," 1,103,072 ",+8.14," 7,205 "," 7,654 ",-5.87," 2,549.16 "," 2,327.74 ",+9.51," 2,535.02 "," 2,312.75 ",+9.61, 14.14 , 14.99 ,-5.67
,อุทัยธานี,52.94,51.43,+1.51," 387,403 "," 374,549 ",+3.43," 1,061,434 "," 1,026,793 ",+3.37," 1,058,942 "," 1,024,685 ",+3.34," 2,492 "," 2,108 ",+18.22," 1,903.86 "," 1,808.88 ",+5.25," 1,897.49 "," 1,803.63 ",+5.20, 6.37 , 5.25 ,+21.33
,ภาคเหนือ,66.01,63.89,+2.12," 26,778,647 "," 25,829,504 ",+3.67," 43,507,832 "," 41,748,201 ",+4.21," 38,277,925 "," 36,192,503 ",+5.76," 5,229,907 "," 5,555,698 ",-5.86," 235,567.99 "," 224,935.86 ",+4.73," 181,387.12 "," 168,162.40 ",+7.86," 54,180.87 "," 56,773.46 ",-4.57
,กาฬสินธุ์,55.00,54.93,+0.07," 310,225 ",307894,+0.76," 2,554,623 ",2401692,+6.37," 2,513,871 ",2361349,+6.46," 40,752 "," 40,343 ",+1.01," 3,278 ",3264.38,+0.43," 3,185.0 ",3172.97,+0.38, 93.5 ,91.41,+2.24
,ขอนแก่น,66.58,63.24,+3.34," 2,362,109 ",2259943,+4.52," 4,968,152 ",4682491,+6.10," 4,843,372 ",4562552,+6.15," 124,780 "," 119,939 ",+4.04," 16,357 ",15376.46,+6.37," 15,940.1 ",14986.27,+6.36, 416.5 ,390.19,+6.75
,นครพนม,75.85,73.06,+2.79," 842,560 ",813745,+3.54," 2,366,303 ",2262163,+4.60," 2,190,993 ",2089691,+4.85," 175,310 "," 172,472 ",+1.65," 4,362 ",4224.67,+3.24," 4,013.2 ",3859.55,+3.98, 348.5 ,365.12,-4.55
,บึงกาฬ,55.58,54.41,+1.17," 421,604 ",415837,+1.39," 969,479 ",929701,+4.28," 936,112 ",895613,+4.52," 33,367 "," 34,088 ",-2.12," 1,815 ",1715.88,+5.80," 1,735.8 ",1636.42,+6.07, 79.7 ,79.46,+0.24
,มหาสารคาม,54.15,51.13,+3.02," 355,007 ",336767,+5.42," 727,541 ",661375,+10.00," 716,279 ",650388,+10.13," 11,262 "," 10,987 ",+2.50," 1,340 ",1237.98,+8.25," 1,305.5 ",1205.20,+8.32, 34.6 ,32.78,+5.55
,เลย,67.45,65.59,+1.86," 1,492,457 ",1418009,+5.25," 2,500,248 ",2273467,+9.98," 2,466,999 ",2239542,+10.16," 33,249 "," 33,925 ",-1.99," 6,100 ",5565.46,+9.60," 5,954.8 ",5419.24,+9.88, 145.0 ,146.22,-0.87
,สกลนคร,55.91,51.55,+4.36," 759,077 ",714557,+6.23," 1,956,298 ",1854233,+5.50," 1,935,150 ",1833456,+5.55," 21,148 "," 20,777 ",+1.79," 3,445 ",3237.73,+6.41," 3,380.6 ",3175.30,+6.47, 64.7 ,62.43,+3.67
,หนองคาย,68.60,65.86,+2.74," 1,211,094 ",1143927,+5.87," 3,882,690 ",3667972,+5.85," 2,676,299 ",2521045,+6.16," 1,206,391 "," 1,146,927 ",+5.18," 9,573 ",8614.85,+11.12," 6,692.2 ",6009.54,+11.36," 2,880.3 ",2605.31,+10.56
,หนองบัวลำภู,46.26,42.96,+3.30," 122,542 ",115786,+5.83," 395,199 ",367548,+7.52," 391,488 ",364211,+7.49," 3,711 "," 3,337 ",+11.21, 493 ,430.79,+14.38, 484.7 ,424.29,+14.23, 8.1 ,6.50,+24.15
,อุดรธานี,68.58,65.84,+2.74," 1,974,507 ",1878797,+5.09," 5,161,317 ",4951386,+4.24," 4,101,715 ",3892113,+5.39," 1,059,602 "," 1,059,273 ",+0.03," 14,168 ",13601.12,+4.17," 10,813.2 ",10233.92,+5.66," 3,355.3 ",3367.20,-0.35
,ชัยภูมิ,67.66,66.57,+1.09," 928,352 ",921912,+0.70," 2,074,367 ",1988320,+4.33," 2,063,185 ",1979235,+4.24," 11,182 "," 9,085 ",+23.08," 3,179 ",3042.51,+4.49," 3,147.9 ",3017.40,+4.32, 31.3 ,25.11,+24.45
,นครราชสีมา,76.31,71.78,+4.53," 5,696,473 ",5310831,+7.26," 9,503,069 ",8886543,+6.94," 9,211,199 ",8644710,+6.55," 291,870 "," 241,833 ",+20.69," 23,975 ",22715.42,+5.54," 22,858.5 ",21801.22,+4.85," 1,116.3 ",914.20,+22.11
,บุรีรัมย์,75.40,74.53,+0.87," 1,866,533 ",1882768,-0.86," 3,814,853 ",3892049,-1.98," 3,745,290 ",3830834,-2.23," 69,563 "," 61,215 ",+13.64," 9,120 ",9403.66,-3.02," 8,904.0 ",9218.82,-3.41, 216.0 ,184.84,+16.87
,มุกดาหาร,47.73,47.55,+0.18," 470,379 ",469695,+0.15," 1,914,159 ",1863075,+2.74," 1,757,379 ",1719769,+2.19," 156,780 "," 143,306 ",+9.40," 3,697 ",3577.02,+3.36," 3,296.8 ",3217.87,+2.45, 400.5 ,359.15,+11.51
,ยโสธร,48.53,46.97,+1.56," 154,307 ",150979,+2.20," 634,524 ",625815,+1.39," 630,923 ",622224,+1.40," 3,601 "," 3,591 ",+0.28," 1,047 ",1004.50,+4.19," 1,037.7 ",995.64,+4.22, 8.9 ,8.86,+0.68
,ร้อยเอ็ด,53.53,51.55,+1.98," 421,000 ",405426,+3.84," 972,522 ",934719,+4.04," 958,522 ",919728,+4.22," 14,000 "," 14,991 ",-6.61," 1,693 ",1621.48,+4.42," 1,660.3 ",1585.87,+4.69, 32.9 ,35.61,-7.72
,ศรีสะเกษ,50.49,51.65,-1.16," 353,522 ",363128,-2.65," 1,138,787 ",1158400,-1.69," 1,131,252 ",1151132,-1.73," 7,535 "," 7,268 ",+3.67," 1,751 ",1818.04,-3.67," 1,729.7 ",1797.46,-3.77, 21.6 ,20.58,+5.00
,สุรินทร์,55.98,54.57,+1.41," 895,174 ",870332,+2.85," 1,292,251 ",1271977,+1.59," 1,249,804 ",1237940,+0.96," 42,447 "," 34,037 ",+24.71," 2,696 ",2657.93,+1.44," 2,545.7 ",2546.41,-0.03, 150.6 ,111.52,+35.01
,อำนาจเจริญ,40.46,38.74,+1.72," 82,016 ",80189,+2.28," 296,734 ",287173,+3.33," 289,423 ",280485,+3.19," 7,311 "," 6,688 ",+9.32, 468 ,408.18,+14.68, 455.7 ,396.91,+14.81, 12.4 ,11.27,+10.12
,อุบลราชธานี,54.46,58.19,-3.73," 1,166,128 ",1235085,-5.58," 3,905,005 ",3808230,+2.54," 3,866,714 ",3766547,+2.66," 38,291 "," 41,683 ",-8.14," 9,108 ",8996.66,+1.23," 8,985.9 ",8869.99,+1.31, 121.7 ,126.67,-3.96
,ภาคตะวันออกเฉียงเหนือ,66.37,63.93,+2.44," 21,885,066 ",21095607,+3.74," 51,028,121 ",48768329,+4.63," 47,675,969 ",45562564,+4.64," 3,352,152 ",3205765,+4.57," 117,665.4 ",112514.72,+4.58," 108,127.2 ",103570.29,+4.40," 9,538.2 ",8944.43,+6.64
,รวมทั้งหมด, 71.42 , 71.49 ,-0.07,"175,182,024","174,405,949",+0.44," 357,108,948 "," 353,556,836 ",+1.00," 278,765,091 "," 270,377,850 ",+3.10," 78,343,857 "," 83,178,986 ",-5.81,"2,860,870","2,924,507",-2.18,"1,172,197","1,125,203",+4.18,"1,688,672","1,799,304",-6.15
,หมายเหตุ: P หมายถึง ข้อมูลเบื้องต้น  (ข้อมูล ณ วันที่ 15 เดือนธันวาคม 2568),,,,,,,,,,,,,,,,,,,,,,,,
,R/Update ณ วันที่ 28 เดือนสิงหาคม 2568 หลังผ่านประชุมกำกับ,,,,,,,,,,,,,,,,,,,,,,,,
,ที่มา : กองเศรษฐกิจการท่องเที่ยวและกีฬา กระทรวงการท่องเที่ยวและกีฬา,,,,,,,,,,,,,,,,,,,,,,,,
